target,model,test_year,feature,mean_abs_shap,mean_shap,importance_rank
Top10,M0_baseline,2023,qualifying_position,0.7528192337044555,0.05693408343750265,1.0
Top10,M0_baseline,2023,driver_points_mean_last3,0.0993615195517006,-0.02186849917965141,6.0
Top10,M0_baseline,2023,team_points_mean_last3,0.08671191686698386,0.0015537434172360606,7.0
Top10,M0_baseline,2023,driver_incident_rate_last10,0.0067734826809320095,0.0027771194357774673,10.0
Top10,M0_baseline,2023,driver_previous_starts,0.13046608535329596,0.0412004019308147,4.0
Top10,M0_baseline,2023,exposure_history_count,0.008098295157872228,0.0029496490880668294,9.0
Top10,M0_baseline,2023,DriverId,0.21329550355636157,0.02525408982117432,3.0
Top10,M0_baseline,2023,TeamId,0.4871368144643174,-0.02885072488638966,2.0
Top10,M0_baseline,2023,location,0.036325283529055695,-0.0254427540494562,8.0
Top10,M0_baseline,2023,season,0.10982012905580163,0.10982012905580163,5.0
Top10,M1S_symmetric_qualifying,2023,qualifying_position,0.6856824686130301,0.032349811361878755,1.0
Top10,M1S_symmetric_qualifying,2023,driver_points_mean_last3,0.1526523764691966,-0.0015446060584406226,4.0
Top10,M1S_symmetric_qualifying,2023,team_points_mean_last3,0.13845445994599187,-0.02459643725453867,5.0
Top10,M1S_symmetric_qualifying,2023,driver_incident_rate_last10,0.007469242786694569,0.003659938100248775,11.0
Top10,M1S_symmetric_qualifying,2023,driver_previous_starts,0.11396408010429532,0.028577398898858502,7.0
Top10,M1S_symmetric_qualifying,2023,exposure_history_count,0.010337178325588165,0.005059789308195932,10.0
Top10,M1S_symmetric_qualifying,2023,DriverId,0.1706089347873924,0.03471669268484066,3.0
Top10,M1S_symmetric_qualifying,2023,TeamId,0.40497579029757047,-0.00620233948137128,2.0
Top10,M1S_symmetric_qualifying,2023,location,0.027485787907020935,-0.00032745194550357526,9.0
Top10,M1S_symmetric_qualifying,2023,season,0.13071133048197522,0.13071133048197522,6.0
Top10,M1S_symmetric_qualifying,2023,qualifying_surprise,0.08057583040588535,0.016700645290546528,8.0
Top10,M1A_asymmetric_qualifying,2023,qualifying_position,0.6798161698997075,0.03690892081100166,1.0
Top10,M1A_asymmetric_qualifying,2023,driver_points_mean_last3,0.13841883182779807,-0.020863908847279684,4.0
Top10,M1A_asymmetric_qualifying,2023,team_points_mean_last3,0.1274615435667986,0.002906914467258743,6.0
Top10,M1A_asymmetric_qualifying,2023,driver_incident_rate_last10,0.003937962244280955,0.002189942945986236,12.0
Top10,M1A_asymmetric_qualifying,2023,driver_previous_starts,0.12828002757465892,0.048283314043633875,5.0
Top10,M1A_asymmetric_qualifying,2023,exposure_history_count,0.006598683607524861,-0.0002416484410732005,11.0
Top10,M1A_asymmetric_qualifying,2023,DriverId,0.1636894693202744,0.010631791005034863,3.0
Top10,M1A_asymmetric_qualifying,2023,TeamId,0.4562776942876734,-0.011481067278276214,2.0
Top10,M1A_asymmetric_qualifying,2023,location,0.029281828344393718,0.012368881870392428,9.0
Top10,M1A_asymmetric_qualifying,2023,season,0.09531682965093582,0.08954798527082627,7.0
Top10,M1A_asymmetric_qualifying,2023,positive_qualifying_surprise,0.03715716884291368,0.006684031590457099,8.0
Top10,M1A_asymmetric_qualifying,2023,negative_qualifying_surprise,0.02395266396157576,-2.854065115660146e-05,10.0
Top10,M2S_symmetric_gain_loss,2023,qualifying_position,0.7072648478682062,-0.008674723528575666,1.0
Top10,M2S_symmetric_gain_loss,2023,driver_points_mean_last3,0.13665958739122502,-0.02099051251215312,4.0
Top10,M2S_symmetric_gain_loss,2023,team_points_mean_last3,0.10210896313665263,-0.01116130572278902,6.0
Top10,M2S_symmetric_gain_loss,2023,driver_incident_rate_last10,0.009733723984022067,0.006468519699086981,10.0
Top10,M2S_symmetric_gain_loss,2023,driver_previous_starts,0.11902514590254916,0.03798256535233251,5.0
Top10,M2S_symmetric_gain_loss,2023,exposure_history_count,0.007892723802361494,-0.0011339609773915109,11.0
Top10,M2S_symmetric_gain_loss,2023,DriverId,0.19337290291470108,0.04866023283340506,3.0
Top10,M2S_symmetric_gain_loss,2023,TeamId,0.40006635823528974,-0.0012342200678584618,2.0
Top10,M2S_symmetric_gain_loss,2023,location,0.04015637385635406,-0.023748001956754337,8.0
Top10,M2S_symmetric_gain_loss,2023,season,0.039705248661242545,0.012267580251708753,9.0
Top10,M2S_symmetric_gain_loss,2023,net_recent_deviation,0.04637723539049842,-0.0013968804424646121,7.0
Top10,M2A_asymmetric_gain_loss,2023,qualifying_position,0.6876740342831053,0.003113878688988867,1.0
Top10,M2A_asymmetric_gain_loss,2023,driver_points_mean_last3,0.11734423424691044,0.006575495492151173,5.0
Top10,M2A_asymmetric_gain_loss,2023,team_points_mean_last3,0.14400294418512147,-0.02923578120323391,4.0
Top10,M2A_asymmetric_gain_loss,2023,driver_incident_rate_last10,0.007343251506132772,0.005417925180907559,11.0
Top10,M2A_asymmetric_gain_loss,2023,driver_previous_starts,0.09669175437134413,0.041790740829871255,6.0
Top10,M2A_asymmetric_gain_loss,2023,exposure_history_count,0.004327341071959036,0.00011404819478779054,12.0
Top10,M2A_asymmetric_gain_loss,2023,DriverId,0.18722963393530798,0.029235939443623824,3.0
Top10,M2A_asymmetric_gain_loss,2023,TeamId,0.41813274128399996,-0.01944576020114055,2.0
Top10,M2A_asymmetric_gain_loss,2023,location,0.027000244331433224,-0.007523935215351422,10.0
Top10,M2A_asymmetric_gain_loss,2023,season,0.06117871679040137,0.05674254615601256,8.0
Top10,M2A_asymmetric_gain_loss,2023,recent_gain_exposure,0.027862487514323225,0.008087095839898575,9.0
Top10,M2A_asymmetric_gain_loss,2023,recent_loss_exposure,0.07203612464912645,-0.03082433634634881,7.0
Top10,M3S_full_symmetric,2023,qualifying_position,0.6996708495206957,0.0157150950148805,1.0
Top10,M3S_full_symmetric,2023,driver_points_mean_last3,0.10182663825900751,0.0027011975129990194,6.0
Top10,M3S_full_symmetric,2023,team_points_mean_last3,0.08594835311796321,-0.00987789426064313,7.0
Top10,M3S_full_symmetric,2023,driver_incident_rate_last10,0.003133886531562321,0.00032433822489394204,12.0
Top10,M3S_full_symmetric,2023,driver_previous_starts,0.10956831429667364,0.05300463479753958,5.0
Top10,M3S_full_symmetric,2023,exposure_history_count,0.006385626588826156,-0.00115578648313451,11.0
Top10,M3S_full_symmetric,2023,DriverId,0.152991851602121,0.02231570326614491,4.0
Top10,M3S_full_symmetric,2023,TeamId,0.5094564436169129,-0.04965125483013287,2.0
Top10,M3S_full_symmetric,2023,location,0.05763063672098422,0.05609543855649001,8.0
Top10,M3S_full_symmetric,2023,season,0.26297797896024566,0.26297797896024566,3.0
Top10,M3S_full_symmetric,2023,qualifying_surprise,0.050119764915317604,0.01580938307549206,10.0
Top10,M3S_full_symmetric,2023,net_recent_deviation,0.05534042435405345,-0.021270693725326886,9.0
Top10,M3A_full_asymmetric,2023,qualifying_position,0.7234052814499525,0.025033181162052654,1.0
Top10,M3A_full_asymmetric,2023,driver_points_mean_last3,0.1333652270415794,-0.008823926777256432,4.0
Top10,M3A_full_asymmetric,2023,team_points_mean_last3,0.09083453576311683,0.011789524932613073,6.0
Top10,M3A_full_asymmetric,2023,driver_incident_rate_last10,0.009323068454203925,0.004871775961045253,13.0
Top10,M3A_full_asymmetric,2023,driver_previous_starts,0.12012467017626853,0.053586788207148586,5.0
Top10,M3A_full_asymmetric,2023,exposure_history_count,0.005403674629980692,0.0018220440322361,14.0
Top10,M3A_full_asymmetric,2023,DriverId,0.1964120852540054,0.012302242413536882,3.0
Top10,M3A_full_asymmetric,2023,TeamId,0.4846631002379021,-0.025187324107819552,2.0
Top10,M3A_full_asymmetric,2023,location,0.027222380862025455,0.009148284412322644,10.0
Top10,M3A_full_asymmetric,2023,season,0.027507702291374624,0.008199358267537362,9.0
Top10,M3A_full_asymmetric,2023,positive_qualifying_surprise,0.03488228335021462,0.010846632964690427,8.0
Top10,M3A_full_asymmetric,2023,negative_qualifying_surprise,0.022073607369607763,0.007308890468282344,11.0
Top10,M3A_full_asymmetric,2023,recent_gain_exposure,0.018925022953669556,-0.0008579059056368473,12.0
Top10,M3A_full_asymmetric,2023,recent_loss_exposure,0.07314249985608111,-0.033309612867032996,7.0
Top10,M0_baseline,2024,qualifying_position,0.6801284704230778,-0.00266344488867067,1.0
Top10,M0_baseline,2024,driver_points_mean_last3,0.12292090540792296,-0.0038082066301124546,5.0
Top10,M0_baseline,2024,team_points_mean_last3,0.18125194941987263,0.024547057403688052,4.0
Top10,M0_baseline,2024,driver_incident_rate_last10,0.007720238479296891,0.004129700041766516,10.0
Top10,M0_baseline,2024,driver_previous_starts,0.08528534390515323,0.05477891226092833,6.0
Top10,M0_baseline,2024,exposure_history_count,0.00804364585766475,0.00035567806773973337,9.0
Top10,M0_baseline,2024,DriverId,0.24746782284088392,0.06357812511645276,3.0
Top10,M0_baseline,2024,TeamId,0.40364677745216915,0.09726715634843605,2.0
Top10,M0_baseline,2024,location,0.031909571788102976,-0.0036802869648468167,8.0
Top10,M0_baseline,2024,season,0.06249341465616725,-0.050252865804570085,7.0
Top10,M1S_symmetric_qualifying,2024,qualifying_position,0.7158435382753038,-0.015980737069639348,1.0
Top10,M1S_symmetric_qualifying,2024,driver_points_mean_last3,0.1408569382759768,-0.010189216333384777,5.0
Top10,M1S_symmetric_qualifying,2024,team_points_mean_last3,0.19487834039409882,-0.016813094049005228,3.0
Top10,M1S_symmetric_qualifying,2024,driver_incident_rate_last10,0.009876678011134793,0.002444870088252051,10.0
Top10,M1S_symmetric_qualifying,2024,driver_previous_starts,0.08283372923231,0.05728549729306927,6.0
Top10,M1S_symmetric_qualifying,2024,exposure_history_count,0.006338607291619672,-7.273858641246776e-05,11.0
Top10,M1S_symmetric_qualifying,2024,DriverId,0.1947315565358356,0.021108895402014015,4.0
Top10,M1S_symmetric_qualifying,2024,TeamId,0.4318411883956396,0.12036603636997682,2.0
Top10,M1S_symmetric_qualifying,2024,location,0.02583937302501125,0.003444934954154432,8.0
Top10,M1S_symmetric_qualifying,2024,season,0.0678724618195182,-0.047208167333942015,7.0
Top10,M1S_symmetric_qualifying,2024,qualifying_surprise,0.01322344570381106,0.0015675958649854528,9.0
Top10,M1A_asymmetric_qualifying,2024,qualifying_position,0.6963494489943308,0.05544354546145767,1.0
Top10,M1A_asymmetric_qualifying,2024,driver_points_mean_last3,0.17408684902233276,-0.07591753039756095,4.0
Top10,M1A_asymmetric_qualifying,2024,team_points_mean_last3,0.16247177216055458,-0.027284885626687044,5.0
Top10,M1A_asymmetric_qualifying,2024,driver_incident_rate_last10,0.002717150568310752,0.0024158786399810753,12.0
Top10,M1A_asymmetric_qualifying,2024,driver_previous_starts,0.09531729881567144,0.060530576630038455,6.0
Top10,M1A_asymmetric_qualifying,2024,exposure_history_count,0.009581431269393047,-0.0010469497278918019,9.0
Top10,M1A_asymmetric_qualifying,2024,DriverId,0.21723115898995782,0.04577693902766571,3.0
Top10,M1A_asymmetric_qualifying,2024,TeamId,0.3715633119913776,0.07366085190708682,2.0
Top10,M1A_asymmetric_qualifying,2024,location,0.035840310218538174,0.020736865990615166,8.0
Top10,M1A_asymmetric_qualifying,2024,season,0.05246570186117113,0.0008755478464710856,7.0
Top10,M1A_asymmetric_qualifying,2024,positive_qualifying_surprise,0.0032990470878937524,-0.0007809635162850534,11.0
Top10,M1A_asymmetric_qualifying,2024,negative_qualifying_surprise,0.009500900027133179,-0.005084599984331313,10.0
Top10,M2S_symmetric_gain_loss,2024,qualifying_position,0.7142749371995761,-0.01138141185022677,1.0
Top10,M2S_symmetric_gain_loss,2024,driver_points_mean_last3,0.15944132709890405,-0.03162502652295181,5.0
Top10,M2S_symmetric_gain_loss,2024,team_points_mean_last3,0.1773609850071578,0.0023686273102226964,3.0
Top10,M2S_symmetric_gain_loss,2024,driver_incident_rate_last10,0.001534250355109423,-0.0008624584542736187,11.0
Top10,M2S_symmetric_gain_loss,2024,driver_previous_starts,0.0787208998541097,0.048604265964300244,7.0
Top10,M2S_symmetric_gain_loss,2024,exposure_history_count,0.004961841608586386,-0.0002392818108545856,10.0
Top10,M2S_symmetric_gain_loss,2024,DriverId,0.1734580236980137,0.017941604768940262,4.0
Top10,M2S_symmetric_gain_loss,2024,TeamId,0.4242514758746262,0.18287337701347287,2.0
Top10,M2S_symmetric_gain_loss,2024,location,0.02959148916475118,0.015152693378894636,9.0
Top10,M2S_symmetric_gain_loss,2024,season,0.10698255359306369,-0.10698255359306369,6.0
Top10,M2S_symmetric_gain_loss,2024,net_recent_deviation,0.03979776054798779,-0.0003962213062067292,8.0
Top10,M2A_asymmetric_gain_loss,2024,qualifying_position,0.6336334559732684,-0.006140628339890778,1.0
Top10,M2A_asymmetric_gain_loss,2024,driver_points_mean_last3,0.13035176348771335,-0.05863095814772528,5.0
Top10,M2A_asymmetric_gain_loss,2024,team_points_mean_last3,0.19993903780556607,-0.015541326441820909,4.0
Top10,M2A_asymmetric_gain_loss,2024,driver_incident_rate_last10,0.004202115485281302,0.003415646764381075,12.0
Top10,M2A_asymmetric_gain_loss,2024,driver_previous_starts,0.0612826226769717,0.035747456199875134,8.0
Top10,M2A_asymmetric_gain_loss,2024,exposure_history_count,0.012785475367512147,-0.0097385248858586,11.0
Top10,M2A_asymmetric_gain_loss,2024,DriverId,0.25718494080372495,0.030599888816392543,3.0
Top10,M2A_asymmetric_gain_loss,2024,TeamId,0.38916567588155904,0.10404154522497921,2.0
Top10,M2A_asymmetric_gain_loss,2024,location,0.07554801718259943,0.060885690314924246,6.0
Top10,M2A_asymmetric_gain_loss,2024,season,0.07495489805516352,0.0745077171342698,7.0
Top10,M2A_asymmetric_gain_loss,2024,recent_gain_exposure,0.0259330660874875,0.016610196211757213,9.0
Top10,M2A_asymmetric_gain_loss,2024,recent_loss_exposure,0.01690235230057246,-0.0037815787945914385,10.0
Top10,M3S_full_symmetric,2024,qualifying_position,0.6675702958174683,0.01595243603897721,1.0
Top10,M3S_full_symmetric,2024,driver_points_mean_last3,0.1805056515570953,-0.040340387155801696,3.0
Top10,M3S_full_symmetric,2024,team_points_mean_last3,0.17912947160426843,-0.03799827386631583,4.0
Top10,M3S_full_symmetric,2024,driver_incident_rate_last10,0.005084488870658046,-0.0038092563961574268,12.0
Top10,M3S_full_symmetric,2024,driver_previous_starts,0.0995680313083068,0.06799745441837496,6.0
Top10,M3S_full_symmetric,2024,exposure_history_count,0.010458990790983632,-0.00012002784353175795,11.0
Top10,M3S_full_symmetric,2024,DriverId,0.1765110365511836,0.04357341363341696,5.0
Top10,M3S_full_symmetric,2024,TeamId,0.4343812078005429,0.06795131207518726,2.0
Top10,M3S_full_symmetric,2024,location,0.021550252176671347,0.004549241854021454,9.0
Top10,M3S_full_symmetric,2024,season,0.06342609176201305,-0.04313184083741374,7.0
Top10,M3S_full_symmetric,2024,qualifying_surprise,0.021398815133669865,-0.006826028602330754,10.0
Top10,M3S_full_symmetric,2024,net_recent_deviation,0.04923919186552946,-0.00625699409300415,8.0
Top10,M3A_full_asymmetric,2024,qualifying_position,0.703749218436909,-0.004845821042913438,1.0
Top10,M3A_full_asymmetric,2024,driver_points_mean_last3,0.1612556821952219,-0.03315512307935921,5.0
Top10,M3A_full_asymmetric,2024,team_points_mean_last3,0.1818682660871084,-0.02570360542524882,4.0
Top10,M3A_full_asymmetric,2024,driver_incident_rate_last10,0.002627030020041335,-0.0023353829259842975,14.0
Top10,M3A_full_asymmetric,2024,driver_previous_starts,0.10777219162603871,0.06926368936977605,6.0
Top10,M3A_full_asymmetric,2024,exposure_history_count,0.006765941067707027,0.00048790928392445385,12.0
Top10,M3A_full_asymmetric,2024,DriverId,0.20015861458163572,0.009021920235134541,3.0
Top10,M3A_full_asymmetric,2024,TeamId,0.40078878019782577,0.08888782472073586,2.0
Top10,M3A_full_asymmetric,2024,location,0.027242020237744736,-0.01552653641053881,9.0
Top10,M3A_full_asymmetric,2024,season,0.07017192131187973,-0.0663733650235925,7.0
Top10,M3A_full_asymmetric,2024,positive_qualifying_surprise,0.004640945375890182,-0.0014467540868986907,13.0
Top10,M3A_full_asymmetric,2024,negative_qualifying_surprise,0.021602938668631284,0.003191899369021491,11.0
Top10,M3A_full_asymmetric,2024,recent_gain_exposure,0.022844704296359243,0.0010732889391493734,10.0
Top10,M3A_full_asymmetric,2024,recent_loss_exposure,0.043024170574968656,-0.014462708394155241,8.0
Top10,M0_baseline,2025,qualifying_position,0.8615545891347036,0.023759388476505095,1.0
Top10,M0_baseline,2025,driver_points_mean_last3,0.19719967106245226,-0.0023921419352392836,4.0
Top10,M0_baseline,2025,team_points_mean_last3,0.1529165139554586,0.023819756268099766,5.0
Top10,M0_baseline,2025,driver_incident_rate_last10,0.009295325909551773,0.009147249403565313,9.0
Top10,M0_baseline,2025,driver_previous_starts,0.07858611095279827,-0.024936917277457504,6.0
Top10,M0_baseline,2025,exposure_history_count,0.008620468083750875,-0.0028162181168409975,10.0
Top10,M0_baseline,2025,DriverId,0.2431031262931118,0.030107266945762972,3.0
Top10,M0_baseline,2025,TeamId,0.46179458087351805,-0.05442792032428741,2.0
Top10,M0_baseline,2025,location,0.022225674805472318,-0.006786700866210847,8.0
Top10,M0_baseline,2025,season,0.07837528472779504,0.07837528472779504,7.0
Top10,M1S_symmetric_qualifying,2025,qualifying_position,0.8084623997737833,0.0010448436580251528,1.0
Top10,M1S_symmetric_qualifying,2025,driver_points_mean_last3,0.20879740819027565,-0.026494966995207765,3.0
Top10,M1S_symmetric_qualifying,2025,team_points_mean_last3,0.13487732370086047,0.03251636422834382,5.0
Top10,M1S_symmetric_qualifying,2025,driver_incident_rate_last10,0.003814132894637329,-0.00031280456325127274,11.0
Top10,M1S_symmetric_qualifying,2025,driver_previous_starts,0.10512650315887245,-0.005791132391832136,7.0
Top10,M1S_symmetric_qualifying,2025,exposure_history_count,0.006455481190404797,0.00040209580461092427,10.0
Top10,M1S_symmetric_qualifying,2025,DriverId,0.20768535730782064,0.059975386128516564,4.0
Top10,M1S_symmetric_qualifying,2025,TeamId,0.47729213118443337,-0.031706230106493045,2.0
Top10,M1S_symmetric_qualifying,2025,location,0.06420902764881944,0.058494736163482844,8.0
Top10,M1S_symmetric_qualifying,2025,season,0.1149843189965125,0.1149843189965125,6.0
Top10,M1S_symmetric_qualifying,2025,qualifying_surprise,0.00988527882165935,-0.0023573979384115483,9.0
Top10,M1A_asymmetric_qualifying,2025,qualifying_position,0.7988064003604464,0.020745466472913834,1.0
Top10,M1A_asymmetric_qualifying,2025,driver_points_mean_last3,0.18047130155600152,0.0030213852989992196,5.0
Top10,M1A_asymmetric_qualifying,2025,team_points_mean_last3,0.19746597798106605,0.012870998003333847,4.0
Top10,M1A_asymmetric_qualifying,2025,driver_incident_rate_last10,0.0042489892477467275,0.003950871912938186,12.0
Top10,M1A_asymmetric_qualifying,2025,driver_previous_starts,0.09970155706695884,3.483048574870536e-05,6.0
Top10,M1A_asymmetric_qualifying,2025,exposure_history_count,0.005075378611200539,9.124566142638668e-05,11.0
Top10,M1A_asymmetric_qualifying,2025,DriverId,0.22952569465196634,0.019613530624642207,3.0
Top10,M1A_asymmetric_qualifying,2025,TeamId,0.41336988286191484,-0.04483990124538322,2.0
Top10,M1A_asymmetric_qualifying,2025,location,0.026907901508099304,0.007406843913097858,8.0
Top10,M1A_asymmetric_qualifying,2025,season,0.07941487741335514,0.07941487741335514,7.0
Top10,M1A_asymmetric_qualifying,2025,positive_qualifying_surprise,0.0063981177215013535,0.0010931301302911376,10.0
Top10,M1A_asymmetric_qualifying,2025,negative_qualifying_surprise,0.01033411457284523,-0.0009096673418175927,9.0
Top10,M2S_symmetric_gain_loss,2025,qualifying_position,0.8269978514844833,0.05117906608013322,1.0
Top10,M2S_symmetric_gain_loss,2025,driver_points_mean_last3,0.1931586426038851,0.008454209114512492,4.0
Top10,M2S_symmetric_gain_loss,2025,team_points_mean_last3,0.14706794946274254,0.014427655700939334,5.0
Top10,M2S_symmetric_gain_loss,2025,driver_incident_rate_last10,0.005762218406716973,0.005488222896231682,11.0
Top10,M2S_symmetric_gain_loss,2025,driver_previous_starts,0.08862922108980248,-0.01979405453312851,6.0
Top10,M2S_symmetric_gain_loss,2025,exposure_history_count,0.008571467868971915,-0.003882098095502595,10.0
Top10,M2S_symmetric_gain_loss,2025,DriverId,0.21850045850804667,0.04867040826583871,3.0
Top10,M2S_symmetric_gain_loss,2025,TeamId,0.5322682470248996,-0.05928777574679407,2.0
Top10,M2S_symmetric_gain_loss,2025,location,0.03014445035439577,-0.026407048750862874,9.0
Top10,M2S_symmetric_gain_loss,2025,season,0.05438278949379799,0.03545441953402881,7.0
Top10,M2S_symmetric_gain_loss,2025,net_recent_deviation,0.04801314566405384,0.003860479600024548,8.0
Top10,M2A_asymmetric_gain_loss,2025,qualifying_position,0.8858875582142779,0.08508735597090246,1.0
Top10,M2A_asymmetric_gain_loss,2025,driver_points_mean_last3,0.15919490808202957,0.02982629189035841,4.0
Top10,M2A_asymmetric_gain_loss,2025,team_points_mean_last3,0.10513395429988832,-0.0038656001211054597,5.0
Top10,M2A_asymmetric_gain_loss,2025,driver_incident_rate_last10,0.005852041206170103,0.005019625923657758,12.0
Top10,M2A_asymmetric_gain_loss,2025,driver_previous_starts,0.08106665947905137,-0.006253184017834938,7.0
Top10,M2A_asymmetric_gain_loss,2025,exposure_history_count,0.006991987939687983,0.0026110921729021568,11.0
Top10,M2A_asymmetric_gain_loss,2025,DriverId,0.2951537981062388,0.04991606249202704,3.0
Top10,M2A_asymmetric_gain_loss,2025,TeamId,0.4861157745004719,-0.03935920021497909,2.0
Top10,M2A_asymmetric_gain_loss,2025,location,0.03517767909494603,0.027043329364212672,9.0
Top10,M2A_asymmetric_gain_loss,2025,season,0.09373634805215662,0.09267433366085695,6.0
Top10,M2A_asymmetric_gain_loss,2025,recent_gain_exposure,0.01603846576307467,0.0019689146808510353,10.0
Top10,M2A_asymmetric_gain_loss,2025,recent_loss_exposure,0.045792827507700626,0.005675861459797056,8.0
Top10,M3S_full_symmetric,2025,qualifying_position,0.8162129511707544,0.020136345801268926,1.0
Top10,M3S_full_symmetric,2025,driver_points_mean_last3,0.18064025357904254,0.010128994446219005,4.0
Top10,M3S_full_symmetric,2025,team_points_mean_last3,0.14336272093588223,0.02263086475085927,5.0
Top10,M3S_full_symmetric,2025,driver_incident_rate_last10,0.006153791438432736,0.003326527095639777,12.0
Top10,M3S_full_symmetric,2025,driver_previous_starts,0.08745727385627716,0.01563929139572812,6.0
Top10,M3S_full_symmetric,2025,exposure_history_count,0.008797151192280372,0.0003167693131901243,11.0
Top10,M3S_full_symmetric,2025,DriverId,0.22497693450013112,0.0702521266971837,3.0
Top10,M3S_full_symmetric,2025,TeamId,0.46196755133335554,-0.06646296160568987,2.0
Top10,M3S_full_symmetric,2025,location,0.030830589552441716,-0.020779632601311857,9.0
Top10,M3S_full_symmetric,2025,season,0.054837286599596885,0.03528635557965669,7.0
Top10,M3S_full_symmetric,2025,qualifying_surprise,0.0119597612265239,-0.001268610857923767,10.0
Top10,M3S_full_symmetric,2025,net_recent_deviation,0.04862852519609129,0.012665281252600054,8.0
Top10,M3A_full_asymmetric,2025,qualifying_position,0.8636959576249195,0.027497188590494277,1.0
Top10,M3A_full_asymmetric,2025,driver_points_mean_last3,0.16462786559526638,0.002213809252451222,5.0
Top10,M3A_full_asymmetric,2025,team_points_mean_last3,0.19512055179625334,-0.036126841689663014,4.0
Top10,M3A_full_asymmetric,2025,driver_incident_rate_last10,0.006028572039056949,0.0028681550394176985,11.0
Top10,M3A_full_asymmetric,2025,driver_previous_starts,0.08806336125288165,-0.0020516776597192883,6.0
Top10,M3A_full_asymmetric,2025,exposure_history_count,0.0055329961483265,0.0003318246564830304,13.0
Top10,M3A_full_asymmetric,2025,DriverId,0.1981480006671822,0.02424678485636672,3.0
Top10,M3A_full_asymmetric,2025,TeamId,0.4389074206335888,-0.04259011886832024,2.0
Top10,M3A_full_asymmetric,2025,location,0.021714121303200037,-0.011041231901965761,9.0
Top10,M3A_full_asymmetric,2025,season,0.036509018812521526,0.005489876769442072,8.0
Top10,M3A_full_asymmetric,2025,positive_qualifying_surprise,0.0022802639974509042,-0.0003534368305644764,14.0
Top10,M3A_full_asymmetric,2025,negative_qualifying_surprise,0.005935410526968399,-0.0007613120285697229,12.0
Top10,M3A_full_asymmetric,2025,recent_gain_exposure,0.01394678503950103,-0.0006546632558826781,10.0
Top10,M3A_full_asymmetric,2025,recent_loss_exposure,0.05470793556723838,-0.000661889699316883,7.0
Podium,M0_baseline,2023,qualifying_position,0.7967932606330749,0.014345721091157032,1.0
Podium,M0_baseline,2023,driver_points_mean_last3,0.2573750174505091,0.01907988705163446,4.0
Podium,M0_baseline,2023,team_points_mean_last3,0.13395549001933843,0.01278053586576161,6.0
Podium,M0_baseline,2023,driver_incident_rate_last10,0.028111071785980747,0.01459118192164136,8.0
Podium,M0_baseline,2023,driver_previous_starts,0.03672857303067525,-0.012540060481970603,7.0
Podium,M0_baseline,2023,exposure_history_count,0.009457262348923093,-0.0007979524582344519,10.0
Podium,M0_baseline,2023,DriverId,0.2449300791904909,-0.0418429750849773,5.0
Podium,M0_baseline,2023,TeamId,0.360179594457971,-0.022561898918085403,2.0
Podium,M0_baseline,2023,location,0.02613909898431822,-0.017818497139209424,9.0
Podium,M0_baseline,2023,season,0.26313903819296053,0.26313903819296053,3.0
Podium,M1S_symmetric_qualifying,2023,qualifying_position,0.8221958523304157,0.04601458815372235,1.0
Podium,M1S_symmetric_qualifying,2023,driver_points_mean_last3,0.2501641283702883,0.011554311180003508,3.0
Podium,M1S_symmetric_qualifying,2023,team_points_mean_last3,0.1723281930412546,0.0010128784456667381,5.0
Podium,M1S_symmetric_qualifying,2023,driver_incident_rate_last10,0.018310756276851844,0.009184478176909618,10.0
Podium,M1S_symmetric_qualifying,2023,driver_previous_starts,0.043617657971020476,0.011982423937637003,8.0
Podium,M1S_symmetric_qualifying,2023,exposure_history_count,0.005500891795274562,-0.0006343930090485198,11.0
Podium,M1S_symmetric_qualifying,2023,DriverId,0.17266427406299042,0.039480381601478605,4.0
Podium,M1S_symmetric_qualifying,2023,TeamId,0.31243625863478225,-0.01565229920550793,2.0
Podium,M1S_symmetric_qualifying,2023,location,0.055997442067425164,-0.05358860481755578,7.0
Podium,M1S_symmetric_qualifying,2023,season,0.17228596732783377,0.17228596732783377,6.0
Podium,M1S_symmetric_qualifying,2023,qualifying_surprise,0.031356156965257585,-0.004083072136870508,9.0
Podium,M1A_asymmetric_qualifying,2023,qualifying_position,0.7595523485971278,0.029745731415980105,1.0
Podium,M1A_asymmetric_qualifying,2023,driver_points_mean_last3,0.26921938442389143,-0.016658503513724842,3.0
Podium,M1A_asymmetric_qualifying,2023,team_points_mean_last3,0.21854252494757045,0.006154754911238445,5.0
Podium,M1A_asymmetric_qualifying,2023,driver_incident_rate_last10,0.04661814121582878,0.02888444979974918,9.0
Podium,M1A_asymmetric_qualifying,2023,driver_previous_starts,0.07365464521320539,0.004481941297428423,7.0
Podium,M1A_asymmetric_qualifying,2023,exposure_history_count,0.008511004075089952,0.004137970284705144,11.0
Podium,M1A_asymmetric_qualifying,2023,DriverId,0.13626177241847368,0.009514828825495729,6.0
Podium,M1A_asymmetric_qualifying,2023,TeamId,0.33148924119602297,-0.027738801806118717,2.0
Podium,M1A_asymmetric_qualifying,2023,location,0.049961913311233,-0.0474302312176553,8.0
Podium,M1A_asymmetric_qualifying,2023,season,0.22676496502423085,0.22415454933101256,4.0
Podium,M1A_asymmetric_qualifying,2023,positive_qualifying_surprise,0.004334610905894673,0.000396898973091454,12.0
Podium,M1A_asymmetric_qualifying,2023,negative_qualifying_surprise,0.013508594844778728,-0.0018540442202129117,10.0
Podium,M2S_symmetric_gain_loss,2023,qualifying_position,0.7864684689139345,0.011525576321742604,1.0
Podium,M2S_symmetric_gain_loss,2023,driver_points_mean_last3,0.30730539895690107,-0.016195079778971676,2.0
Podium,M2S_symmetric_gain_loss,2023,team_points_mean_last3,0.2261335608692817,-0.015087948544011272,5.0
Podium,M2S_symmetric_gain_loss,2023,driver_incident_rate_last10,0.030024969682855434,0.015593369183717362,9.0
Podium,M2S_symmetric_gain_loss,2023,driver_previous_starts,0.07009365811703,0.011973383239314357,7.0
Podium,M2S_symmetric_gain_loss,2023,exposure_history_count,0.004624726017217187,-0.0005325268942047182,11.0
Podium,M2S_symmetric_gain_loss,2023,DriverId,0.15093300581192073,0.0024731658063419453,6.0
Podium,M2S_symmetric_gain_loss,2023,TeamId,0.2907137754092526,-0.008844400835226016,3.0
Podium,M2S_symmetric_gain_loss,2023,location,0.05733348839992355,-0.054259575834308696,8.0
Podium,M2S_symmetric_gain_loss,2023,season,0.2489121289812484,0.24879653596904447,4.0
Podium,M2S_symmetric_gain_loss,2023,net_recent_deviation,0.015224508660522324,-8.56468306221764e-05,10.0
Podium,M2A_asymmetric_gain_loss,2023,qualifying_position,0.7452151281255857,0.052934690975796804,1.0
Podium,M2A_asymmetric_gain_loss,2023,driver_points_mean_last3,0.2741335209240326,0.0006963608969064119,3.0
Podium,M2A_asymmetric_gain_loss,2023,team_points_mean_last3,0.23696035043432903,0.010132170135203847,4.0
Podium,M2A_asymmetric_gain_loss,2023,driver_incident_rate_last10,0.03317082613386108,0.021912158259525426,11.0
Podium,M2A_asymmetric_gain_loss,2023,driver_previous_starts,0.05646308089181537,0.0014155911234995195,7.0
Podium,M2A_asymmetric_gain_loss,2023,exposure_history_count,0.010545467642734604,-0.000126005032157041,12.0
Podium,M2A_asymmetric_gain_loss,2023,DriverId,0.13766121133063974,-0.006908286104551515,6.0
Podium,M2A_asymmetric_gain_loss,2023,TeamId,0.3237528185174835,-0.03804548249156477,2.0
Podium,M2A_asymmetric_gain_loss,2023,location,0.03364773871232546,-0.024841284273431113,10.0
Podium,M2A_asymmetric_gain_loss,2023,season,0.15148299828832887,0.14966988864677258,5.0
Podium,M2A_asymmetric_gain_loss,2023,recent_gain_exposure,0.05458443873772008,-0.02112148334166776,8.0
Podium,M2A_asymmetric_gain_loss,2023,recent_loss_exposure,0.042053984914512586,-0.009684843662232191,9.0
Podium,M3S_full_symmetric,2023,qualifying_position,0.750014250437615,0.0801997259598414,1.0
Podium,M3S_full_symmetric,2023,driver_points_mean_last3,0.2814744287941407,0.014818434291797274,3.0
Podium,M3S_full_symmetric,2023,team_points_mean_last3,0.23590401022636584,0.008780593260225391,4.0
Podium,M3S_full_symmetric,2023,driver_incident_rate_last10,0.01825955218924416,0.009688797639302865,10.0
Podium,M3S_full_symmetric,2023,driver_previous_starts,0.027006144595991318,1.801520215153242e-05,9.0
Podium,M3S_full_symmetric,2023,exposure_history_count,0.007216485544617372,-0.0008919647950687562,12.0
Podium,M3S_full_symmetric,2023,DriverId,0.17390433834798524,-0.007359375022531958,5.0
Podium,M3S_full_symmetric,2023,TeamId,0.29376252194302327,-0.016952397428510815,2.0
Podium,M3S_full_symmetric,2023,location,0.08864926363688559,-0.08728053711463898,7.0
Podium,M3S_full_symmetric,2023,season,0.11068978822715599,0.0971125164810462,6.0
Podium,M3S_full_symmetric,2023,qualifying_surprise,0.04186108900629746,-0.021692874688411908,8.0
Podium,M3S_full_symmetric,2023,net_recent_deviation,0.008372786676859844,-0.0025951323252925277,11.0
Podium,M3A_full_asymmetric,2023,qualifying_position,0.7822509690570114,0.05362997482537182,1.0
Podium,M3A_full_asymmetric,2023,driver_points_mean_last3,0.28129956840661136,-0.003363845168602245,3.0
Podium,M3A_full_asymmetric,2023,team_points_mean_last3,0.19675211549923113,0.0021701075377441887,5.0
Podium,M3A_full_asymmetric,2023,driver_incident_rate_last10,0.03587842902539458,0.019460525256103842,10.0
Podium,M3A_full_asymmetric,2023,driver_previous_starts,0.026700025649395262,0.0017679393505157146,12.0
Podium,M3A_full_asymmetric,2023,exposure_history_count,0.007125078695633695,0.000815017595002809,13.0
Podium,M3A_full_asymmetric,2023,DriverId,0.21596360678239848,-0.01009536453852921,4.0
Podium,M3A_full_asymmetric,2023,TeamId,0.31015269279167235,-0.010566548064713443,2.0
Podium,M3A_full_asymmetric,2023,location,0.06872369104853938,-0.06777050698407237,7.0
Podium,M3A_full_asymmetric,2023,season,0.12779984692831517,0.12246982979612488,6.0
Podium,M3A_full_asymmetric,2023,positive_qualifying_surprise,0.00356963616368106,0.0008552980919173635,14.0
Podium,M3A_full_asymmetric,2023,negative_qualifying_surprise,0.03509859712176244,-0.006068723436810719,11.0
Podium,M3A_full_asymmetric,2023,recent_gain_exposure,0.05516295736548593,-0.029184010483583576,8.0
Podium,M3A_full_asymmetric,2023,recent_loss_exposure,0.052328259280527034,-0.013822987964385166,9.0
Podium,M0_baseline,2024,qualifying_position,0.7902358555643167,0.05673781003691726,1.0
Podium,M0_baseline,2024,driver_points_mean_last3,0.28106585877304613,0.02653027190067316,4.0
Podium,M0_baseline,2024,team_points_mean_last3,0.1412493551371711,-0.011975617368212501,6.0
Podium,M0_baseline,2024,driver_incident_rate_last10,0.04109211404548876,0.03894025417937565,8.0
Podium,M0_baseline,2024,driver_previous_starts,0.03300769600891769,0.023354228485316892,9.0
Podium,M0_baseline,2024,exposure_history_count,0.005401562816439359,0.0015729220774916475,10.0
Podium,M0_baseline,2024,DriverId,0.1647132986056253,0.019635886294490004,5.0
Podium,M0_baseline,2024,TeamId,0.4542636001535129,0.18008069706228674,2.0
Podium,M0_baseline,2024,location,0.09495846062404202,-0.09495846062404202,7.0
Podium,M0_baseline,2024,season,0.3456985825330146,0.3456985825330146,3.0
Podium,M1S_symmetric_qualifying,2024,qualifying_position,0.8219562533468758,-0.004925383071915213,1.0
Podium,M1S_symmetric_qualifying,2024,driver_points_mean_last3,0.2615470781840957,0.03794796175734604,4.0
Podium,M1S_symmetric_qualifying,2024,team_points_mean_last3,0.24419703182073296,0.004913719730466788,5.0
Podium,M1S_symmetric_qualifying,2024,driver_incident_rate_last10,0.02206563414066958,0.020923467183048366,9.0
Podium,M1S_symmetric_qualifying,2024,driver_previous_starts,0.06411990143586783,0.03908049298895469,8.0
Podium,M1S_symmetric_qualifying,2024,exposure_history_count,0.009823408300414912,9.112112690753622e-06,10.0
Podium,M1S_symmetric_qualifying,2024,DriverId,0.141982152098741,0.022208996537158708,6.0
Podium,M1S_symmetric_qualifying,2024,TeamId,0.3290715500459969,0.13029116822423195,3.0
Podium,M1S_symmetric_qualifying,2024,location,0.07703433943546092,-0.07703433943546092,7.0
Podium,M1S_symmetric_qualifying,2024,season,0.5169655525841012,0.5169655525841012,2.0
Podium,M1S_symmetric_qualifying,2024,qualifying_surprise,0.009399012709026672,-0.00031050356142353055,11.0
Podium,M1A_asymmetric_qualifying,2024,qualifying_position,0.7709597578038899,0.02460591488688338,1.0
Podium,M1A_asymmetric_qualifying,2024,driver_points_mean_last3,0.2907609766813952,0.04442580501328415,4.0
Podium,M1A_asymmetric_qualifying,2024,team_points_mean_last3,0.2091351830803384,0.0015583582830952529,5.0
Podium,M1A_asymmetric_qualifying,2024,driver_incident_rate_last10,0.051332996082491596,0.044573726197483544,8.0
Podium,M1A_asymmetric_qualifying,2024,driver_previous_starts,0.10538302225698304,0.06373749127320902,7.0
Podium,M1A_asymmetric_qualifying,2024,exposure_history_count,0.004583361828123086,0.0007041458450342846,11.0
Podium,M1A_asymmetric_qualifying,2024,DriverId,0.15373516362837686,0.010747307842124371,6.0
Podium,M1A_asymmetric_qualifying,2024,TeamId,0.32943986627056443,0.12310750580105978,3.0
Podium,M1A_asymmetric_qualifying,2024,location,0.0350133856374476,0.03045192666009107,9.0
Podium,M1A_asymmetric_qualifying,2024,season,0.4134443319246782,0.4134443319246782,2.0
Podium,M1A_asymmetric_qualifying,2024,positive_qualifying_surprise,0.003475407485007873,-0.0002290711284392264,12.0
Podium,M1A_asymmetric_qualifying,2024,negative_qualifying_surprise,0.017476364904361667,0.001061097260106201,10.0
Podium,M2S_symmetric_gain_loss,2024,qualifying_position,0.8061410209757018,0.04677907174916441,1.0
Podium,M2S_symmetric_gain_loss,2024,driver_points_mean_last3,0.326665699936942,0.03210061485492369,3.0
Podium,M2S_symmetric_gain_loss,2024,team_points_mean_last3,0.14425533377826275,0.012656526617658714,6.0
Podium,M2S_symmetric_gain_loss,2024,driver_incident_rate_last10,0.009827341760026849,0.009827341760026849,10.0
Podium,M2S_symmetric_gain_loss,2024,driver_previous_starts,0.09241117282518756,0.06451610196093888,7.0
Podium,M2S_symmetric_gain_loss,2024,exposure_history_count,0.0045579135577974,-3.9555800864451636e-05,11.0
Podium,M2S_symmetric_gain_loss,2024,DriverId,0.15111339075553393,0.01006245298533154,5.0
Podium,M2S_symmetric_gain_loss,2024,TeamId,0.32368554548041434,0.13011293272600355,4.0
Podium,M2S_symmetric_gain_loss,2024,location,0.019137045246254685,0.014589900647299944,8.0
Podium,M2S_symmetric_gain_loss,2024,season,0.3803838470431685,0.3803838470431685,2.0
Podium,M2S_symmetric_gain_loss,2024,net_recent_deviation,0.01195382535426962,-0.003674172570416725,9.0
Podium,M2A_asymmetric_gain_loss,2024,qualifying_position,0.7864019533511508,0.015316985510221492,1.0
Podium,M2A_asymmetric_gain_loss,2024,driver_points_mean_last3,0.2929527162829078,0.024495109586979678,4.0
Podium,M2A_asymmetric_gain_loss,2024,team_points_mean_last3,0.1225450423999253,0.0022410080208111424,6.0
Podium,M2A_asymmetric_gain_loss,2024,driver_incident_rate_last10,0.03320269010322586,0.027763207828823223,9.0
Podium,M2A_asymmetric_gain_loss,2024,driver_previous_starts,0.045722252510829155,0.030240152777836666,7.0
Podium,M2A_asymmetric_gain_loss,2024,exposure_history_count,0.004733900793722064,-0.001116093814263041,12.0
Podium,M2A_asymmetric_gain_loss,2024,DriverId,0.17782760889449156,0.01692114287508872,5.0
Podium,M2A_asymmetric_gain_loss,2024,TeamId,0.3606113966779495,0.20531298582290874,3.0
Podium,M2A_asymmetric_gain_loss,2024,location,0.025902944783842783,-0.022575059649464338,10.0
Podium,M2A_asymmetric_gain_loss,2024,season,0.4164999914764162,0.4164999914764162,2.0
Podium,M2A_asymmetric_gain_loss,2024,recent_gain_exposure,0.037645130927687016,-0.006732075842430073,8.0
Podium,M2A_asymmetric_gain_loss,2024,recent_loss_exposure,0.018872386036996924,-0.0028862873208537593,11.0
Podium,M3S_full_symmetric,2024,qualifying_position,0.7706921044366557,0.02255510357928793,1.0
Podium,M3S_full_symmetric,2024,driver_points_mean_last3,0.33714490185812274,0.047258441104488715,4.0
Podium,M3S_full_symmetric,2024,team_points_mean_last3,0.10288958566197817,9.862071470531271e-05,6.0
Podium,M3S_full_symmetric,2024,driver_incident_rate_last10,0.02265287907219755,0.01960848836970153,9.0
Podium,M3S_full_symmetric,2024,driver_previous_starts,0.01950964719565391,0.010283774320110255,10.0
Podium,M3S_full_symmetric,2024,exposure_history_count,0.0030735196920641432,-0.0008592270463794154,12.0
Podium,M3S_full_symmetric,2024,DriverId,0.18712724806608083,0.020918237462914942,5.0
Podium,M3S_full_symmetric,2024,TeamId,0.3631655671053743,0.1693211462579717,3.0
Podium,M3S_full_symmetric,2024,location,0.028637154057449828,-0.01921555638865121,8.0
Podium,M3S_full_symmetric,2024,season,0.44805456006344935,0.44805456006344935,2.0
Podium,M3S_full_symmetric,2024,qualifying_surprise,0.05062102195836804,0.0030887623278021735,7.0
Podium,M3S_full_symmetric,2024,net_recent_deviation,0.014650956637001914,-0.004569486306614634,11.0
Podium,M3A_full_asymmetric,2024,qualifying_position,0.7947985745915168,0.03406233587923854,1.0
Podium,M3A_full_asymmetric,2024,driver_points_mean_last3,0.23991503629169827,0.02573560450575754,4.0
Podium,M3A_full_asymmetric,2024,team_points_mean_last3,0.21444978454135447,0.008735569236015144,5.0
Podium,M3A_full_asymmetric,2024,driver_incident_rate_last10,0.030124093945170717,0.025492012311423055,9.0
Podium,M3A_full_asymmetric,2024,driver_previous_starts,0.041046095543563435,0.02580523064090847,8.0
Podium,M3A_full_asymmetric,2024,exposure_history_count,0.0041385997873223486,0.0007176595171969867,13.0
Podium,M3A_full_asymmetric,2024,DriverId,0.16687072928009952,0.015416138905759115,6.0
Podium,M3A_full_asymmetric,2024,TeamId,0.30466356743068024,0.13040900211003584,2.0
Podium,M3A_full_asymmetric,2024,location,0.011133180048172474,0.004413832486845433,12.0
Podium,M3A_full_asymmetric,2024,season,0.30331983755348424,0.30331983755348424,3.0
Podium,M3A_full_asymmetric,2024,positive_qualifying_surprise,0.003226880959598365,-0.00021693837200358588,14.0
Podium,M3A_full_asymmetric,2024,negative_qualifying_surprise,0.02086186722602313,0.001310630065260195,11.0
Podium,M3A_full_asymmetric,2024,recent_gain_exposure,0.02759697755757647,-0.006760282475157236,10.0
Podium,M3A_full_asymmetric,2024,recent_loss_exposure,0.050295453919566156,-0.011244450389785249,7.0
Podium,M0_baseline,2025,qualifying_position,0.8809062788908023,0.005253869299869096,1.0
Podium,M0_baseline,2025,driver_points_mean_last3,0.33328270179259345,0.03513727074625014,2.0
Podium,M0_baseline,2025,team_points_mean_last3,0.222970986662198,0.009672809470884771,3.0
Podium,M0_baseline,2025,driver_incident_rate_last10,0.027667321950919952,0.027667321950919952,9.0
Podium,M0_baseline,2025,driver_previous_starts,0.06782434247861245,0.031697897319564794,7.0
Podium,M0_baseline,2025,exposure_history_count,0.00499004356498248,-4.264225829720618e-05,10.0
Podium,M0_baseline,2025,DriverId,0.11781960434082994,0.05411823265424914,5.0
Podium,M0_baseline,2025,TeamId,0.11613323259803109,0.009627266875610921,6.0
Podium,M0_baseline,2025,location,0.05332024368256424,-0.05280986094895011,8.0
Podium,M0_baseline,2025,season,0.16509590376135913,0.16016454530667065,4.0
Podium,M1S_symmetric_qualifying,2025,qualifying_position,0.8341772222377752,0.03990192291152201,1.0
Podium,M1S_symmetric_qualifying,2025,driver_points_mean_last3,0.35560890068831036,0.009148677975282375,2.0
Podium,M1S_symmetric_qualifying,2025,team_points_mean_last3,0.2750309912386236,-0.03790384734221212,3.0
Podium,M1S_symmetric_qualifying,2025,driver_incident_rate_last10,0.012115640534751159,0.012115640534751159,10.0
Podium,M1S_symmetric_qualifying,2025,driver_previous_starts,0.04664838897783941,-0.016195780955187738,8.0
Podium,M1S_symmetric_qualifying,2025,exposure_history_count,0.0021508397702442957,0.0010186788881439523,11.0
Podium,M1S_symmetric_qualifying,2025,DriverId,0.12533216629174496,0.036000218067549716,6.0
Podium,M1S_symmetric_qualifying,2025,TeamId,0.19525912586072958,0.0009396803799980876,4.0
Podium,M1S_symmetric_qualifying,2025,location,0.04794167433973497,-0.0479286331405841,7.0
Podium,M1S_symmetric_qualifying,2025,season,0.17254936458181847,0.17224660689761273,5.0
Podium,M1S_symmetric_qualifying,2025,qualifying_surprise,0.030563810709476048,0.005210063915971293,9.0
Podium,M1A_asymmetric_qualifying,2025,qualifying_position,0.8817917647165238,0.011287232524057118,1.0
Podium,M1A_asymmetric_qualifying,2025,driver_points_mean_last3,0.3353614567058637,0.031019310477459774,2.0
Podium,M1A_asymmetric_qualifying,2025,team_points_mean_last3,0.255451727255789,-0.00042848442527222946,3.0
Podium,M1A_asymmetric_qualifying,2025,driver_incident_rate_last10,0.020987898694205354,0.020987898694205354,10.0
Podium,M1A_asymmetric_qualifying,2025,driver_previous_starts,0.03556761326452323,0.001293066023729709,8.0
Podium,M1A_asymmetric_qualifying,2025,exposure_history_count,0.005612770954268487,0.001574198639890861,12.0
Podium,M1A_asymmetric_qualifying,2025,DriverId,0.13549124956339212,-0.007010458196370688,4.0
Podium,M1A_asymmetric_qualifying,2025,TeamId,0.1282328112884165,0.016795380451913623,5.0
Podium,M1A_asymmetric_qualifying,2025,location,0.026745269545237243,-0.026283667842897155,9.0
Podium,M1A_asymmetric_qualifying,2025,season,0.12689723354620125,0.12678480502421938,6.0
Podium,M1A_asymmetric_qualifying,2025,positive_qualifying_surprise,0.00899734337927516,0.0008603257486082872,11.0
Podium,M1A_asymmetric_qualifying,2025,negative_qualifying_surprise,0.03844251766907933,-0.0014303072043484327,7.0
Podium,M2S_symmetric_gain_loss,2025,qualifying_position,0.8436951958950056,0.03925015165016742,1.0
Podium,M2S_symmetric_gain_loss,2025,driver_points_mean_last3,0.3561420335393096,0.034810946693876896,2.0
Podium,M2S_symmetric_gain_loss,2025,team_points_mean_last3,0.24824562710918244,-0.01693123820686067,3.0
Podium,M2S_symmetric_gain_loss,2025,driver_incident_rate_last10,0.01101742479430042,0.01101742479430042,10.0
Podium,M2S_symmetric_gain_loss,2025,driver_previous_starts,0.040139070098039124,0.010985306366828863,7.0
Podium,M2S_symmetric_gain_loss,2025,exposure_history_count,0.0033162173789162775,-0.0008049533046974675,11.0
Podium,M2S_symmetric_gain_loss,2025,DriverId,0.12115909818571242,0.0001301059694928143,6.0
Podium,M2S_symmetric_gain_loss,2025,TeamId,0.1613318850738338,-0.03194578799547399,4.0
Podium,M2S_symmetric_gain_loss,2025,location,0.016669836769840917,0.010860318026815181,9.0
Podium,M2S_symmetric_gain_loss,2025,season,0.14360549806825076,0.13997575067268458,5.0
Podium,M2S_symmetric_gain_loss,2025,net_recent_deviation,0.020476106815842617,-0.001613578164806054,8.0
Podium,M2A_asymmetric_gain_loss,2025,qualifying_position,0.8865217847177536,0.0031752570991648373,1.0
Podium,M2A_asymmetric_gain_loss,2025,driver_points_mean_last3,0.38465513096823434,0.011217549943438659,2.0
Podium,M2A_asymmetric_gain_loss,2025,team_points_mean_last3,0.18401370728632963,0.013018937787478847,3.0
Podium,M2A_asymmetric_gain_loss,2025,driver_incident_rate_last10,0.02115103219341659,0.02115103219341659,11.0
Podium,M2A_asymmetric_gain_loss,2025,driver_previous_starts,0.05118488602450703,-0.027631726926323107,7.0
Podium,M2A_asymmetric_gain_loss,2025,exposure_history_count,0.004326205473918936,1.0055065450510923e-05,12.0
Podium,M2A_asymmetric_gain_loss,2025,DriverId,0.13243215555067625,0.04605370383509658,5.0
Podium,M2A_asymmetric_gain_loss,2025,TeamId,0.12396925236513237,0.034479314719397636,6.0
Podium,M2A_asymmetric_gain_loss,2025,location,0.022563846351907065,-0.022309806221409028,10.0
Podium,M2A_asymmetric_gain_loss,2025,season,0.18198348349634536,0.18198348349634536,4.0
Podium,M2A_asymmetric_gain_loss,2025,recent_gain_exposure,0.03312616785275233,0.002337472230324587,9.0
Podium,M2A_asymmetric_gain_loss,2025,recent_loss_exposure,0.03617635011049745,-0.005136163593580881,8.0
Podium,M3S_full_symmetric,2025,qualifying_position,0.8828132307014191,0.008547407273772149,1.0
Podium,M3S_full_symmetric,2025,driver_points_mean_last3,0.35189659785271127,0.02208207229034501,2.0
Podium,M3S_full_symmetric,2025,team_points_mean_last3,0.2336964748886153,-0.019827986003123788,3.0
Podium,M3S_full_symmetric,2025,driver_incident_rate_last10,0.033532197639400595,0.033532197639400595,8.0
Podium,M3S_full_symmetric,2025,driver_previous_starts,0.06309873859967241,0.024100544803013015,7.0
Podium,M3S_full_symmetric,2025,exposure_history_count,0.0033612338638759147,0.00022999856467275935,12.0
Podium,M3S_full_symmetric,2025,DriverId,0.15648733305553744,0.05306797688022614,5.0
Podium,M3S_full_symmetric,2025,TeamId,0.20251932589892346,0.0020791638240612053,4.0
Podium,M3S_full_symmetric,2025,location,0.02900868836031384,-0.02900868836031384,9.0
Podium,M3S_full_symmetric,2025,season,0.09884952405662163,0.09853407061627843,6.0
Podium,M3S_full_symmetric,2025,qualifying_surprise,0.025525477050011278,-0.0018320424960545222,10.0
Podium,M3S_full_symmetric,2025,net_recent_deviation,0.012157650811389942,-0.0036856758495322274,11.0
Podium,M3A_full_asymmetric,2025,qualifying_position,0.8036347018499366,0.048643136388319644,1.0
Podium,M3A_full_asymmetric,2025,driver_points_mean_last3,0.3843724956244621,0.026421563000468756,2.0
Podium,M3A_full_asymmetric,2025,team_points_mean_last3,0.2734813942688874,-0.010001436231309568,3.0
Podium,M3A_full_asymmetric,2025,driver_incident_rate_last10,0.026799620641043884,0.026799620641043884,10.0
Podium,M3A_full_asymmetric,2025,driver_previous_starts,0.047103710181469624,0.006890504186078928,7.0
Podium,M3A_full_asymmetric,2025,exposure_history_count,0.006356421088708976,-0.0006090073790443232,13.0
Podium,M3A_full_asymmetric,2025,DriverId,0.11080619654061377,0.011163962089521175,5.0
Podium,M3A_full_asymmetric,2025,TeamId,0.10135765219246232,0.011670446749144517,6.0
Podium,M3A_full_asymmetric,2025,location,0.020611036056382388,-0.019330413174508416,12.0
Podium,M3A_full_asymmetric,2025,season,0.18863619724355304,0.18839833693688096,4.0
Podium,M3A_full_asymmetric,2025,positive_qualifying_surprise,0.0031477306620247233,-0.0008829709255599517,14.0
Podium,M3A_full_asymmetric,2025,negative_qualifying_surprise,0.021500041797031036,-0.002534716240083811,11.0
Podium,M3A_full_asymmetric,2025,recent_gain_exposure,0.04641736615783898,-0.0046490173769272655,9.0
Podium,M3A_full_asymmetric,2025,recent_loss_exposure,0.04664826568924339,-0.007133998641262302,8.0
