target,model,feature,mean_abs_shap,mean_shap,n,importance_share,importance_rank
Podium,M0_baseline,qualifying_position,0.8235810604918872,0.02584766210439453,1022,0.380142283228419,1.0
Podium,M0_baseline,TeamId,0.3083824205577435,0.05854926733068775,1022,0.14234081268006762,2.0
Podium,M0_baseline,driver_points_mean_last3,0.2917764651605006,0.027199497908689255,1022,0.1346759620627805,3.0
Podium,M0_baseline,season,0.2577909879949995,0.25608769099450535,1022,0.11898920394502491,4.0
Podium,M0_baseline,DriverId,0.1733190017263149,0.012537009649757432,1022,0.07999926686483178,5.0
Podium,M0_baseline,team_points_mean_last3,0.16722085665488087,0.0031563191250723877,1022,0.07718453143426161,6.0
Podium,M0_baseline,location,0.05929778659420407,-0.0565487892478047,1022,0.027370221424044418,7.0
Podium,M0_baseline,driver_previous_starts,0.04618389301740853,0.015137711640724584,1022,0.021317210147510014,8.0
Podium,M0_baseline,driver_incident_rate_last10,0.03244146731027611,0.027517894189073397,1022,0.014974085789737463,9.0
Podium,M0_baseline,exposure_history_count,0.006513436355089635,0.00028183542013067605,1022,0.003006422423322781,10.0
Podium,M1A_asymmetric_qualifying,qualifying_position,0.8057141189886481,0.021594845561166056,1022,0.37035076670069583,1.0
Podium,M1A_asymmetric_qualifying,driver_points_mean_last3,0.29950542511120554,0.02090806130909545,1022,0.13766925663433188,2.0
Podium,M1A_asymmetric_qualifying,TeamId,0.260576375143115,0.039745848802902245,1022,0.11977531241412992,3.0
Podium,M1A_asymmetric_qualifying,season,0.2567498058306041,0.2559038384848932,1022,0.11801640954111009,4.0
Podium,M1A_asymmetric_qualifying,team_points_mean_last3,0.22804169983569988,0.0022932955222728806,1022,0.1048205764097716,5.0
Podium,M1A_asymmetric_qualifying,DriverId,0.14203096276020755,0.004232674984156264,1022,0.06528528508288677,6.0
Podium,M1A_asymmetric_qualifying,driver_previous_starts,0.07145835834292037,0.023847436571239482,1022,0.0328462132855419,7.0
Podium,M1A_asymmetric_qualifying,driver_incident_rate_last10,0.039393941761620276,0.031576066265642785,1022,0.01810763419796071,8.0
Podium,M1A_asymmetric_qualifying,location,0.036779618283598214,-0.013225594620655208,1022,0.016905946550108106,9.0
Podium,M1A_asymmetric_qualifying,negative_qualifying_surprise,0.023491273502323627,-0.0007007916672258198,1022,0.010797888416404767,10.0
Podium,M1A_asymmetric_qualifying,exposure_history_count,0.006153338708329403,0.0020663935549367924,1022,0.002828414762371778,11.0
Podium,M1A_asymmetric_qualifying,positive_qualifying_surprise,0.0056483543066092245,0.0003407563174330509,1022,0.0025962960046867147,12.0
Podium,M1S_symmetric_qualifying,qualifying_position,0.8262514737943183,0.026308540528334114,1022,0.37163618766957324,1.0
Podium,M1S_symmetric_qualifying,season,0.29142967850798934,0.2913251056483762,1022,0.131080933746618,2.0
Podium,M1S_symmetric_qualifying,driver_points_mean_last3,0.2905165607700298,0.019839800546476456,1022,0.13067022634603645,3.0
Podium,M1S_symmetric_qualifying,TeamId,0.2777089885750153,0.0404876350375271,1022,0.12490956212355679,4.0
Podium,M1S_symmetric_qualifying,team_points_mean_last3,0.23262544142953945,-0.011081649176238172,1022,0.10463162239314377,5.0
Podium,M1S_symmetric_qualifying,DriverId,0.14571806751051516,0.032312772349832986,1022,0.06554191889728009,6.0
Podium,M1S_symmetric_qualifying,location,0.06048113948723141,-0.05973182822083319,1022,0.02720355826020789,7.0
Podium,M1S_symmetric_qualifying,driver_previous_starts,0.05174597498520658,0.011609343749719203,1022,0.02327460522694866,8.0
Podium,M1S_symmetric_qualifying,qualifying_surprise,0.023498456230677943,0.0004298375830765945,1022,0.010569272148570336,9.0
Podium,M1S_symmetric_qualifying,driver_incident_rate_last10,0.017467895248442958,0.01425156568325506,1022,0.007856811397783717,10.0
Podium,M1S_symmetric_qualifying,exposure_history_count,0.0058367821685415475,0.00015884738985843337,1022,0.002625301790280984,11.0
Podium,M2A_asymmetric_gain_loss,qualifying_position,0.8082485910234914,0.02275452445153147,1022,0.3735311130338097,1.0
Podium,M2A_asymmetric_gain_loss,driver_points_mean_last3,0.3188079869781287,0.012550507688512826,1022,0.14733672726754876,2.0
Podium,M2A_asymmetric_gain_loss,TeamId,0.2674783363637306,0.07106096832103687,1022,0.12361479104820627,3.0
Podium,M2A_asymmetric_gain_loss,season,0.2535550823135976,0.25299447307022016,1022,0.11718017595557381,4.0
Podium,M2A_asymmetric_gain_loss,team_points_mean_last3,0.17915333598482971,0.008403646411987068,1022,0.08279549848567386,5.0
Podium,M2A_asymmetric_gain_loss,DriverId,0.14972861020511388,0.01961556015622028,1022,0.06919689690036972,6.0
Podium,M2A_asymmetric_gain_loss,driver_previous_starts,0.05093009145282518,0.0013386508029453368,1022,0.023537280433977997,7.0
Podium,M2A_asymmetric_gain_loss,recent_gain_exposure,0.0413218699712472,-0.008048614296516878,1022,0.019096852446662305,8.0
Podium,M2A_asymmetric_gain_loss,recent_loss_exposure,0.03201689148048091,-0.0057654948826426616,1022,0.014796567842379501,9.0
Podium,M2A_asymmetric_gain_loss,driver_incident_rate_last10,0.029030181046002825,0.023670223813953704,1022,0.013416263211736642,10.0
Podium,M2A_asymmetric_gain_loss,location,0.027144288360092507,-0.023184152135834177,1022,0.01254470017796956,11.0
Podium,M2A_asymmetric_gain_loss,exposure_history_count,0.006390005173758716,-0.00042098754255621133,1022,0.0029531331960917983,12.0
Podium,M2S_symmetric_gain_loss,qualifying_position,0.8130295701880265,0.03327827590766614,1022,0.38000064430145203,1.0
Podium,M2S_symmetric_gain_loss,driver_points_mean_last3,0.33086070057485084,0.018103851288230485,1022,0.15464047557753233,2.0
Podium,M2S_symmetric_gain_loss,season,0.25794958080470204,0.256660120704417,1022,0.12056265909296172,3.0
Podium,M2S_symmetric_gain_loss,TeamId,0.25741360666827146,0.031172379086052377,1022,0.12031215096307239,4.0
Podium,M2S_symmetric_gain_loss,team_points_mean_last3,0.20549025873577415,-0.006141648660367761,1022,0.09604377697997808,5.0
Podium,M2S_symmetric_gain_loss,DriverId,0.14071136832957626,0.004285218890271089,1022,0.06576687070977258,6.0
Podium,M2S_symmetric_gain_loss,driver_previous_starts,0.06745580402825879,0.02978041706783302,1022,0.03152806482386946,7.0
Podium,M2S_symmetric_gain_loss,location,0.03009511906659255,-0.007986398015341399,1022,0.014066111559742262,8.0
Podium,M2S_symmetric_gain_loss,driver_incident_rate_last10,0.016483456960332526,0.012021239976254611,1022,0.007704177676825487,9.0
Podium,M2S_symmetric_gain_loss,net_recent_deviation,0.015908718975317687,-0.0018528771115560163,1022,0.007435551771177739,10.0
Podium,M2S_symmetric_gain_loss,exposure_history_count,0.004149688495206027,-0.00045635050179261094,1022,0.0019395165436159136,11.0
Podium,M3A_full_asymmetric,qualifying_position,0.7939708931564078,0.04514882950613069,1022,0.36710646492011184,1.0
Podium,M3A_full_asymmetric,driver_points_mean_last3,0.30260681250772387,0.016975053871252036,1022,0.13991560415876567,2.0
Podium,M3A_full_asymmetric,TeamId,0.2361386902633442,0.045807256613347565,1022,0.10918289393307075,3.0
Podium,M3A_full_asymmetric,team_points_mean_last3,0.22936729414654836,0.00023376020801196796,1022,0.10605201934757004,4.0
Podium,M3A_full_asymmetric,season,0.20943760461125416,0.20770741860144262,1022,0.0968371754089322,5.0
Podium,M3A_full_asymmetric,DriverId,0.16268537627979424,0.0060593350852825014,1022,0.0752204569399856,6.0
Podium,M3A_full_asymmetric,recent_loss_exposure,0.049664249466297765,-0.01062197329227544,1022,0.022963142870391733,7.0
Podium,M3A_full_asymmetric,recent_gain_exposure,0.042620898100817234,-0.012964413072992407,1022,0.019706524972608875,8.0
Podium,M3A_full_asymmetric,driver_previous_starts,0.03870263163027942,0.011839787894999529,1022,0.01789484526871477,9.0
Podium,M3A_full_asymmetric,location,0.03221369340141519,-0.026106686095608515,1022,0.014894570076241115,10.0
Podium,M3A_full_asymmetric,driver_incident_rate_last10,0.030755043856123716,0.02407874013028341,1022,0.014220137697491692,11.0
Podium,M3A_full_asymmetric,negative_qualifying_surprise,0.0254842569233024,-0.0022992358373238003,1022,0.011783096270742588,12.0
Podium,M3A_full_asymmetric,exposure_history_count,0.005828050134108909,0.0002895301025330507,1022,0.0026947019097946115,13.0
Podium,M3A_full_asymmetric,positive_qualifying_surprise,0.003305521458078439,-0.00011545380136403314,1022,0.0015283662255786258,14.0
Podium,M3S_full_symmetric,qualifying_position,0.8030253291996348,0.03554041069906075,1022,0.3711086790322596,1.0
Podium,M3S_full_symmetric,driver_points_mean_last3,0.3250269754372533,0.028532119828360306,1022,0.15020738091112334,2.0
Podium,M3S_full_symmetric,TeamId,0.28621890818445445,0.05396022688018415,1022,0.13227269062142155,3.0
Podium,M3S_full_symmetric,season,0.22312633539546609,0.21881931686688308,1022,0.10311520269036861,4.0
Podium,M3S_full_symmetric,team_points_mean_last3,0.1891981865028289,-0.004099607119941775,1022,0.08743570908073899,5.0
Podium,M3S_full_symmetric,DriverId,0.17245569281202994,0.02327942383171106,1022,0.07969836320711499,6.0
Podium,M3S_full_symmetric,location,0.04732108579523134,-0.04364364787143892,1022,0.02186888134318704,7.0
Podium,M3S_full_symmetric,qualifying_surprise,0.039244440583119274,-0.006273313405999258,1022,0.01813635507447455,8.0
Podium,M3S_full_symmetric,driver_previous_starts,0.03688326993941629,0.011881954456303717,1022,0.017045167926707103,9.0
Podium,M3S_full_symmetric,driver_incident_rate_last10,0.025052202124261545,0.021350608821167082,1022,0.01157757955960139,10.0
Podium,M3S_full_symmetric,net_recent_deviation,0.01184857046885522,-0.003653751522419062,1022,0.005475677011956824,11.0
Podium,M3S_full_symmetric,exposure_history_count,0.004453891817363924,-0.000493129676403304,1022,0.002058313541045982,12.0
Top10,M0_baseline,qualifying_position,0.7652690781550927,0.024890448583910357,1022,0.3905530109341533,1.0
Top10,M0_baseline,TeamId,0.4495460204106574,0.005876146039555123,1022,0.22942459957759653,2.0
Top10,M0_baseline,DriverId,0.23539425065372868,0.040167549688310406,1022,0.12013282121765123,3.0
Top10,M0_baseline,team_points_mean_last3,0.14223330068635892,0.017186368048911636,1022,0.0725883815560392,4.0
Top10,M0_baseline,driver_points_mean_last3,0.1412923714993932,-0.008903296266476525,1022,0.07210818088213869,5.0
Top10,M0_baseline,driver_previous_starts,0.09694120013356007,0.02304652763141159,1022,0.04947368014268469,6.0
Top10,M0_baseline,season,0.08261234018020744,0.04366964252596059,1022,0.04216098509491544,7.0
Top10,M0_baseline,location,0.02993007010050262,-0.011482149690794046,1022,0.015274730586791819,8.0
Top10,M0_baseline,exposure_history_count,0.00825977836713047,6.21511492136711e-05,1022,0.004215355621984008,9.0
Top10,M0_baseline,driver_incident_rate_last10,0.00797154085757152,0.005444552735721932,1022,0.004068254386045143,10.0
Top10,M1A_asymmetric_qualifying,qualifying_position,0.7266261492275381,0.03772792582104664,1022,0.37740161755746465,1.0
Top10,M1A_asymmetric_qualifying,TeamId,0.41219683872614193,0.006404871158166418,1022,0.21409049736607483,2.0
Top10,M1A_asymmetric_qualifying,DriverId,0.20492274133151267,0.02587326980905647,1022,0.10643461446445257,3.0
Top10,M1A_asymmetric_qualifying,driver_points_mean_last3,0.16526357926784363,-0.03162948572948403,1022,0.0858360825650516,4.0
Top10,M1A_asymmetric_qualifying,team_points_mean_last3,0.16373373147465797,-0.004079762582573301,1022,0.08504149647373246,5.0
Top10,M1A_asymmetric_qualifying,driver_previous_starts,0.10702362508821987,0.03584845004859214,1022,0.05558689192247841,6.0
Top10,M1A_asymmetric_qualifying,season,0.07502344682348679,0.055420433916144575,1022,0.0389663518385904,7.0
Top10,M1A_asymmetric_qualifying,location,0.03072717856783899,0.013545299674221824,1022,0.015959358064401467,8.0
Top10,M1A_asymmetric_qualifying,positive_qualifying_surprise,0.014838321459958117,0.002174509586427193,1022,0.007706860710668189,9.0
Top10,M1A_asymmetric_qualifying,negative_qualifying_surprise,0.014257144780479764,-0.0020792516750450583,1022,0.007405003945459588,10.0
Top10,M1A_asymmetric_qualifying,exposure_history_count,0.007102776817835022,-0.00040481843722252743,1022,0.003689104036580972,11.0
Top10,M1A_asymmetric_qualifying,driver_incident_rate_last10,0.0036237215501576047,0.0028762083327907527,1022,0.0018821210550448674,12.0
Top10,M1S_symmetric_qualifying,qualifying_position,0.7385084698757781,0.00484361058322296,1022,0.3720348631257318,1.0
Top10,M1S_symmetric_qualifying,TeamId,0.4392332793990196,0.02870545238248185,1022,0.22127043852180492,2.0
Top10,M1S_symmetric_qualifying,DriverId,0.1917471565358382,0.0387409258989109,1022,0.09659554364834587,3.0
Top10,M1S_symmetric_qualifying,driver_points_mean_last3,0.16797077814760591,-0.013148348561115858,1022,0.08461783175997781,4.0
Top10,M1S_symmetric_qualifying,team_points_mean_last3,0.1567077874446713,-0.002181232680164086,1022,0.07894392905543943,5.0
Top10,M1S_symmetric_qualifying,season,0.103574583229318,0.06382559879568644,1022,0.052177270088054103,6.0
Top10,M1S_symmetric_qualifying,driver_previous_starts,0.10015911090708877,0.0266222787301135,1022,0.050456674008602216,7.0
Top10,M1S_symmetric_qualifying,location,0.039601364399687713,0.021292787759047777,1022,0.01994978904779284,8.0
Top10,M1S_symmetric_qualifying,qualifying_surprise,0.03289563812695776,0.004891001741578564,1022,0.016571677546304786,9.0
Top10,M1S_symmetric_qualifying,exposure_history_count,0.007615324447202052,0.0016782353418923382,1022,0.003836335402963505,10.0
Top10,M1S_symmetric_qualifying,driver_incident_rate_last10,0.007038294491519611,0.0018680622015693617,1022,0.0035456477949826867,11.0
Top10,M2A_asymmetric_gain_loss,qualifying_position,0.7374715389840167,0.02823109639869627,1022,0.3710113536486,1.0
Top10,M2A_asymmetric_gain_loss,TeamId,0.4316089023782788,0.016328774525410598,1022,0.2171362481849245,2.0
Top10,M2A_asymmetric_gain_loss,DriverId,0.24866941209273438,0.0368499879413476,1022,0.12510201453825387,3.0
Top10,M2A_asymmetric_gain_loss,team_points_mean_last3,0.14989794185491565,-0.01574281011441773,1022,0.07541150454883752,4.0
Top10,M2A_asymmetric_gain_loss,driver_points_mean_last3,0.1362923220020968,-0.007916037782124007,1022,0.06856671234739639,5.0
Top10,M2A_asymmetric_gain_loss,driver_previous_starts,0.07906447258553902,0.023108955168786208,1022,0.03977620212962443,6.0
Top10,M2A_asymmetric_gain_loss,season,0.07718247004075425,0.07528953866534219,1022,0.03882939364305877,7.0
Top10,M2A_asymmetric_gain_loss,location,0.0465931976464838,0.02804440354078697,1022,0.023440369445922943,8.0
Top10,M2A_asymmetric_gain_loss,recent_loss_exposure,0.043928389296912285,-0.008876524955605324,1022,0.02209974258681639,9.0
Top10,M2A_asymmetric_gain_loss,recent_gain_exposure,0.023112032091755955,0.008917757759783426,1022,0.011627331847606533,10.0
Top10,M2A_asymmetric_gain_loss,exposure_history_count,0.008169162745773681,-0.002426560193855854,1022,0.004109788606433116,11.0
Top10,M2A_asymmetric_gain_loss,driver_incident_rate_last10,0.005743233647769376,0.00458876283370303,1022,0.0028893384725254922,12.0
Top10,M2S_symmetric_gain_loss,qualifying_position,0.7510420609900452,0.011063952356288707,1022,0.38299858044855284,1.0
Top10,M2S_symmetric_gain_loss,TeamId,0.45408261388051285,0.0423049938411882,1022,0.23156225936713537,2.0
Top10,M2S_symmetric_gain_loss,DriverId,0.19517336745575814,0.03805349723740996,1022,0.09952987530203045,3.0
Top10,M2S_symmetric_gain_loss,driver_points_mean_last3,0.16404326704570618,-0.014493444715283238,1022,0.08365488655565603,4.0
Top10,M2S_symmetric_gain_loss,team_points_mean_last3,0.14362998651571138,0.0023504063547347023,1022,0.07324500690793052,5.0
Top10,M2S_symmetric_gain_loss,driver_previous_starts,0.09460522387319621,0.021695200867456653,1022,0.048244523613880465,6.0
Top10,M2S_symmetric_gain_loss,season,0.06801254861703994,-0.020912794484637325,1022,0.034683423107723585,7.0
Top10,M2S_symmetric_gain_loss,net_recent_deviation,0.0446697223838045,0.0007646467298423411,1022,0.022779603367986116,8.0
Top10,M2S_symmetric_gain_loss,location,0.033049120145662185,-0.011230093996711503,1022,0.016853604822313753,9.0
Top10,M2S_symmetric_gain_loss,exposure_history_count,0.00711483264884962,-0.001774147530136793,1022,0.0036282532579417544,10.0
Top10,M2S_symmetric_gain_loss,driver_incident_rate_last10,0.005529853475416528,0.0035977955703744447,1022,0.002819983248849093,11.0
Top10,M3A_full_asymmetric,qualifying_position,0.7650726184814193,0.015564009776423356,1022,0.38119038711824915,1.0
Top10,M3A_full_asymmetric,TeamId,0.43988874615329393,0.008203420496899944,1022,0.2191705171307313,2.0
Top10,M3A_full_asymmetric,DriverId,0.198305728104793,0.015294874266122895,1022,0.09880400296389402,3.0
Top10,M3A_full_asymmetric,team_points_mean_last3,0.1582982054931229,-0.01771101560945024,1022,0.07887062322504639,4.0
Top10,M3A_full_asymmetric,driver_points_mean_last3,0.15379677506377837,-0.013415503564101323,1022,0.0766278269642763,5.0
Top10,M3A_full_asymmetric,driver_previous_starts,0.1047840958336201,0.039784016836701554,1022,0.05220771086270868,6.0
Top10,M3A_full_asymmetric,recent_loss_exposure,0.0563722734077502,-0.015523308016612608,1022,0.028086966130990817,7.0
Top10,M3A_full_asymmetric,season,0.04535303893149513,-0.018494006008975827,1022,0.02259673402192934,8.0
Top10,M3A_full_asymmetric,location,0.025326605006216783,-0.00634791031313127,1022,0.012618747728644832,9.0
Top10,M3A_full_asymmetric,recent_gain_exposure,0.018559396270957196,-0.00012066868883375735,1022,0.009247048290983871,10.0
Top10,M3A_full_asymmetric,negative_qualifying_surprise,0.01633688570923947,0.003099419490368586,1022,0.008139702869215714,11.0
Top10,M3A_full_asymmetric,positive_qualifying_surprise,0.013176113940760495,0.0027319653845182743,1022,0.006564877440996319,12.0
Top10,M3A_full_asymmetric,exposure_history_count,0.005918870861383302,0.000846508801517074,1022,0.002949022903776056,13.0
Top10,M3A_full_asymmetric,driver_incident_rate_last10,0.005872325986683106,0.0016903618001294428,1022,0.002925832348557187,14.0
Top10,M3S_full_symmetric,qualifying_position,0.7288370593301199,0.017324178096192872,1022,0.3600818862296032,1.0
Top10,M3S_full_symmetric,TeamId,0.4671226498602844,-0.014837973395880047,1022,0.23078190482912314,2.0
Top10,M3S_full_symmetric,DriverId,0.1859791378545835,0.04621543832563975,1022,0.09188297699843145,3.0
Top10,M3S_full_symmetric,driver_points_mean_last3,0.15622477710655874,-0.00959984658745108,1022,0.0771828376400512,4.0
Top10,M3S_full_symmetric,team_points_mean_last3,0.137964210911888,-0.008362142861173576,1022,0.06816120648830794,5.0
Top10,M3S_full_symmetric,season,0.12216048328090601,0.07860233371374696,1022,0.06035337621681596,6.0
Top10,M3S_full_symmetric,driver_previous_starts,0.09847702548028082,0.04527713881448228,1022,0.04865256593539796,7.0
Top10,M3S_full_symmetric,net_recent_deviation,0.05091475363858416,-0.004363418639790548,1022,0.02515442963883778,8.0
Top10,M3S_full_symmetric,location,0.03591166177515453,0.011738581849371163,1022,0.01774215339917306,9.0
Top10,M3S_full_symmetric,qualifying_surprise,0.027019005057131864,0.0020923261471483805,1022,0.013348737115482689,10.0
Top10,M3S_full_symmetric,exposure_history_count,0.008625514796635281,-0.0002894117317818999,1022,0.004261434840495673,11.0
Top10,M3S_full_symmetric,driver_incident_rate_last10,0.004850705570531057,-6.645064972235279e-05,1022,0.0023964906682799967,12.0
